{"cameraMode":{"drawMode":0,"name":"Shaded","section":"Shading Mode"},"sceneLighting":false,"audioPlay":false,"sceneViewState":{"m_AlwaysRefresh":false,"showFog":true,"showSkybox":false,"showFlares":true,"showImageEffects":true,"showParticleSystems":true,"showVisualEffectGraphs":true,"m_FxEnabled":true},"in2DMode":false,"pivot":{"x":-0.7044553756713867,"y":-0.5148849487304688,"z":-0.8599910736083984},"rotation":{"x":0.4907812476158142,"y":0.009366355836391449,"z":-0.00532748457044363,"w":0.8712576627731323},"size":10.441916465759278,"orthographic":true}