{"cameraMode":{"drawMode":0,"name":"Shaded","section":"Shading Mode"},"sceneLighting":true,"audioPlay":false,"sceneViewState":{"m_AlwaysRefresh":false,"showFog":true,"showSkybox":true,"showFlares":true,"showImageEffects":true,"showParticleSystems":true,"showVisualEffectGraphs":true,"m_FxEnabled":true},"in2DMode":false,"pivot":{"x":152.79666137695313,"y":-5.720954895019531,"z":4.916494369506836},"rotation":{"x":0.4868553578853607,"y":0.009406990371644497,"z":-0.005262092687189579,"w":0.8734579086303711},"size":28.839902877807618,"orthographic":true}