{"cameraMode":{"drawMode":0,"name":"Shaded","section":"Shading Mode"},"sceneLighting":true,"audioPlay":false,"sceneViewState":{"m_AlwaysRefresh":false,"showFog":true,"showSkybox":true,"showFlares":true,"showImageEffects":true,"showParticleSystems":true,"showVisualEffectGraphs":true,"m_FxEnabled":true},"in2DMode":false,"pivot":{"x":53.97999954223633,"y":8.640000343322754,"z":-1.309999942779541},"rotation":{"x":0.4615005552768707,"y":-0.03168720006942749,"z":0.016477184370160104,"w":0.8864625096321106},"size":19.155147552490236,"orthographic":true}