{"cameraMode":{"drawMode":0,"name":"Shaded","section":"Shading Mode"},"sceneLighting":false,"audioPlay":false,"sceneViewState":{"m_AlwaysRefresh":false,"showFog":true,"showSkybox":false,"showFlares":true,"showImageEffects":true,"showParticleSystems":true,"showVisualEffectGraphs":true,"m_FxEnabled":true},"in2DMode":false,"pivot":{"x":2.8470869064331056,"y":3.114614486694336,"z":-1.9818077087402344},"rotation":{"x":0.43187519907951357,"y":-0.03898948058485985,"z":0.018633248284459115,"w":0.9009374976158142},"size":12.839123725891114,"orthographic":true}