{"cameraMode":{"drawMode":0,"name":"Shaded","section":"Shading Mode"},"sceneLighting":false,"audioPlay":false,"sceneViewState":{"showFog":true,"showMaterialUpdate":false,"showSkybox":false,"showFlares":true,"showImageEffects":true,"showParticleSystems":true},"in2DMode":false,"pivot":{"x":553.3499755859375,"y":1.6560001373291016,"z":272.5199890136719},"rotation":{"x":-0.09678907692432404,"y":-0.7957094311714172,"z":0.583307683467865,"w":-0.13381552696228028},"size":3.3895459175109865,"orthographic":false}