{"cameraMode":{"drawMode":0,"name":"Shaded","section":"Shading Mode"},"sceneLighting":false,"audioPlay":false,"sceneViewState":{"showFog":true,"showMaterialUpdate":false,"showSkybox":false,"showFlares":true,"showImageEffects":true,"showParticleSystems":true},"in2DMode":false,"pivot":{"x":551.0679931640625,"y":2.740000009536743,"z":259.4649963378906},"rotation":{"x":-0.21044093370437623,"y":0.7741742134094238,"z":-0.3194694519042969,"w":-0.5050257444381714},"size":0.8660253882408142,"orthographic":false}