{"cameraMode":{"drawMode":0,"name":"Shaded","section":"Shading Mode"},"sceneLighting":false,"audioPlay":false,"sceneViewState":{"showFog":true,"showMaterialUpdate":false,"showSkybox":false,"showFlares":true,"showImageEffects":true,"showParticleSystems":true},"in2DMode":false,"pivot":{"x":-0.17330527305603028,"y":0.14071215689182282,"z":-0.6979148983955383},"rotation":{"x":0.006906541995704174,"y":0.8401935696601868,"z":-0.010896533727645874,"w":0.5424200892448425},"size":1.0677077770233155,"orthographic":false}